{
    "rmse": 0.6930789323009534,
    "mae": 0.5384810647011254,
    "r2": 0.2511293369068922
}