{
    "rmse": 0.6928915101609598,
    "mae": 0.5357118977026768,
    "r2": 0.27993529020236696
}