{
    "rmse": 0.6923047731721298,
    "mae": 0.5474173907005596,
    "r2": 0.2693534068266107
}